,tp,tp_sel,params,pu
0,EG,EGq5EtaBC,"(5.795971470752347, 1.1107818293529574)",PU0
1,EG,EGq5EtaBC,"(7.979296226460181, 1.0361514149616788)",PU200
